CRESTA,Haz,Vuln,Overall
AT_10,-6.91E-02,8.72E-05,-6.90E-02
AT_11,-0.112758232,1.38E-04,-0.112635508
AT_12,-0.095571164,1.20E-04,-9.55E-02
AT_13,-0.079764089,4.60E-04,-0.079340463
AT_20,-8.75E-02,3.59E-03,-8.43E-02
AT_21,-6.79E-02,0.002981665,-0.065077802
AT_22,-9.26E-02,1.99E-03,-9.08E-02
AT_23,-4.21E-02,5.11E-04,-4.16E-02
AT_24,-9.10E-02,8.09E-04,-9.02E-02
AT_25,-8.93E-02,5.67E-04,-8.88E-02
AT_26,-6.61E-02,-2.02E-03,-6.80E-02
AT_27,-0.070934501,1.37E-04,-7.08E-02
AT_28,-0.06969448,1.28E-03,-6.85E-02
AT_30,-0.104447928,1.27E-03,-0.103312997
AT_31,-7.28E-02,5.94E-04,-7.23E-02
AT_32,-6.06E-02,8.28E-04,-5.99E-02
AT_33,-6.64E-02,-7.07E-04,-6.71E-02
AT_34,-0.112609861,1.92E-03,-0.110910253
AT_35,-0.082201434,3.21E-03,-7.93E-02
AT_36,-6.90E-02,2.62E-03,-6.66E-02
AT_37,-9.21E-02,3.23E-03,-0.089203932
AT_38,-7.42E-02,2.97E-03,-7.14E-02
AT_39,-7.23E-02,3.02E-03,-6.95E-02
AT_40,-1.70E-02,8.40E-04,-1.62E-02
AT_41,-5.20E-02,2.14E-03,-5.00E-02
AT_42,-5.31E-02,1.98E-03,-5.12E-02
AT_43,-6.55E-02,2.95E-03,-6.27E-02
AT_44,-4.01E-02,-1.16E-03,-4.12E-02
AT_45,1.15E-04,-4.18E-03,-4.07E-03
AT_46,-0.05335622,5.45E-04,-5.28E-02
AT_47,-5.82E-02,2.24E-03,-0.056103536
AT_48,-7.78E-02,-4.74E-03,-0.08214756
AT_49,-6.41E-02,2.43E-03,-6.18E-02
AT_50,-0.093576695,-1.91E-04,-0.093749614
AT_51,-9.56E-02,1.24E-03,-9.45E-02
AT_52,-9.03E-02,1.86E-03,-8.86E-02
AT_53,-0.110611362,-1.57E-03,-0.112008177
AT_54,-0.104916989,-1.13E-02,-0.115038585
AT_55,-8.12E-02,-0.101700623,-0.174647942
AT_56,-9.67E-02,-1.95E-02,-0.114332466
AT_57,-0.114790064,-1.94E-02,-0.13193285
AT_60,-8.64E-02,-4.39E-02,-0.126557313
AT_61,-0.156168421,-6.76E-02,-0.213219458
AT_62,-0.139229453,-5.31E-02,-0.184930588
AT_63,-0.119052,-6.00E-02,-0.171906035
AT_64,-0.124683815,-0.028361476,-0.149509074
AT_65,-4.99E-02,-4.60E-02,-9.36E-02
AT_66,-0.121639989,-0.112761262,-0.220684972
AT_67,-0.114402225,-2.30E-02,-0.134804933
AT_68,-0.160899736,-2.08E-02,-0.178361261
AT_69,-0.168124069,-0.259830496,-0.384270805
AT_70,-0.090140586,2.26E-03,-8.81E-02
AT_71,-0.103391747,2.15E-03,-0.10146289
AT_72,-5.03E-02,2.11E-03,-0.048329641
AT_73,-5.66E-02,2.24E-03,-5.45E-02
AT_74,-3.41E-02,1.56E-03,-3.26E-02
AT_75,-2.49E-02,1.34E-03,-2.36E-02
AT_80,4.55E-02,8.25E-04,4.64E-02
AT_81,-4.33E-03,-8.40E-04,-5.16E-03
AT_82,-3.22E-02,2.56E-03,-2.98E-02
AT_83,-1.70E-02,2.38E-03,-1.47E-02
AT_84,-0.014232365,1.93E-03,-1.23E-02
AT_85,-0.020721972,1.91E-03,-1.89E-02
AT_86,-2.88E-02,-2.46E-02,-5.27E-02
AT_87,-3.74E-02,-2.87E-02,-6.51E-02
AT_88,-1.25E-02,-2.90E-02,-4.12E-02
AT_89,-6.80E-02,-2.96E-02,-0.09560339
AT_90,3.95E-02,5.70E-04,4.01E-02
AT_91,-7.87E-03,1.60E-03,-6.28E-03
AT_92,8.71E-03,5.18E-04,9.24E-03
AT_93,1.26E-02,-2.98E-03,9.58E-03
AT_94,-2.50E-02,1.41E-03,-0.023591268
AT_95,9.73E-02,-6.61E-03,9.01E-02
AT_96,-4.76E-02,-2.25E-02,-6.90E-02
AT_97,-4.35E-02,-2.14E-02,-0.063935038
AT_98,-3.88E-02,-2.83E-02,-6.60E-02
AT_99,-8.24E-02,-4.71E-02,-0.125602228
BE_1,0.094149406,-0.290343774,-0.223530062
BE_2,7.18E-02,-0.279065511,-0.227311333
BE_3,9.84E-02,-0.272397886,-0.200802047
BE_4,0.14735044,-0.29360822,-0.189521081
BE_5,0.134879012,-0.275115149,-0.177343397
BE_6,0.140451932,-0.270733425,-0.168306526
BE_7,0.118572946,-0.282395119,-0.197306595
BE_8,3.13E-02,-0.246948696,-0.223363305
BE_9,5.89E-02,-0.25907365,-0.215396636
CH_1,-6.89E-02,1.50E-02,-5.49E-02
CH_2,-5.67E-02,1.91E-02,-0.038659928
CH_3,-5.85E-02,0.018639211,-4.10E-02
CH_4,-6.19E-02,1.77E-02,-4.53E-02
CH_5,3.85E-02,2.04E-02,5.97E-02
CH_6,-1.52E-02,1.01E-02,-5.23E-03
CH_7,-1.30E-02,1.29E-02,-3.10E-04
CH_8,2.61E-03,1.69E-02,1.96E-02
CH_9,-1.69E-02,1.96E-02,2.42E-03
CH_10,0.105952434,7.13E-03,0.113843353
CH_11,-6.90E-02,1.49E-02,-5.52E-02
CH_12,-7.41E-03,1.30E-02,5.54E-03
CH_13,-2.11E-04,0.014064939,1.39E-02
CH_14,3.93E-02,1.64E-02,5.63E-02
CH_15,0.030862743,1.24E-02,4.36E-02
CH_16,-9.53E-02,2.86E-02,-6.94E-02
CH_17,-1.19E-02,2.36E-02,1.14E-02
CH_18,-4.59E-02,2.51E-02,-2.20E-02
CH_19,-0.079513435,9.98E-03,-7.03E-02
CH_20,0.199194078,1.07E-02,0.212083442
CH_21,-0.113129511,1.35E-02,-0.101136936
CH_22,5.87E-02,1.47E-02,7.42E-02
CH_23,0.022264851,1.45E-02,3.71E-02
CH_24,4.69E-02,8.22E-03,5.55E-02
CH_25,-5.18E-02,1.17E-02,-0.040724304
CH_26,-1.16E-02,1.56E-02,3.85E-03
CZ_A,-7.59E-02,-1.28E-03,-7.71E-02
CZ_B,-8.71E-02,-1.66E-03,-8.86E-02
CZ_C,-3.70E-02,-1.42E-03,-0.038379802
CZ_E,-5.47E-02,-1.44E-03,-5.61E-02
CZ_H,-9.11E-02,-1.62E-03,-9.26E-02
CZ_J,-3.68E-02,-1.71E-03,-3.84E-02
CZ_K,-4.05E-02,-1.07E-03,-0.041488186
CZ_L,-6.25E-02,-1.15E-03,-6.36E-02
CZ_M,-4.54E-02,-1.62E-03,-4.69E-02
CZ_P,-2.40E-02,-1.35E-03,-2.53E-02
CZ_S,-6.76E-02,-1.40E-03,-6.89E-02
CZ_T,-0.11694331,-1.42E-03,-0.118193418
CZ_U,-2.99E-02,-1.20E-03,-3.10E-02
CZ_Z,-6.68E-02,-1.30E-03,-6.80E-02
DE_1,-5.12E-03,-4.36E-02,-4.85E-02
DE_2,-9.25E-04,-4.38E-02,-4.46E-02
DE_3,-2.69E-02,-3.38E-02,-5.98E-02
DE_4,-4.30E-02,-3.64E-02,-7.78E-02
DE_6,-5.52E-02,-2.89E-02,-0.082493151
DE_7,-7.47E-03,-4.79E-02,-5.50E-02
DE_8,4.24E-03,-5.10E-02,-4.70E-02
DE_9,1.33E-03,-4.94E-02,-4.82E-02
DE_10,-3.30E-02,-4.21E-02,-7.37E-02
DE_12,-6.52E-03,-3.81E-02,-4.44E-02
DE_13,2.54E-03,-3.54E-02,-3.30E-02
DE_14,-7.07E-02,-3.36E-02,-0.101952041
DE_15,-5.67E-02,-3.61E-02,-9.07E-02
DE_16,-8.26E-02,-3.29E-02,-0.112808071
DE_17,-5.30E-02,-2.40E-02,-7.57E-02
DE_18,-0.046008358,-2.24E-02,-6.74E-02
DE_19,-0.07497587,-2.85E-02,-0.10129427
DE_20,-0.063311515,-4.86E-02,-0.108830695
DE_21,-8.71E-02,-2.74E-02,-0.11215104
DE_22,-4.93E-02,-3.77E-02,-0.085149835
DE_23,-7.74E-02,-2.71E-02,-0.102431048
DE_24,-8.26E-02,-3.13E-02,-0.111328385
DE_25,-6.36E-02,-2.96E-02,-9.13E-02
DE_26,-7.19E-02,-2.30E-02,-9.33E-02
DE_27,-7.42E-02,-2.69E-02,-0.099063236
DE_28,-6.78E-02,-3.35E-02,-0.099006977
DE_29,-0.112083121,-2.75E-02,-0.136524539
DE_30,-7.15E-02,-3.73E-02,-0.106127167
DE_31,-8.32E-02,-2.79E-02,-0.108787429
DE_32,-9.16E-02,-8.73E-03,-9.95E-02
DE_33,-0.081866308,-1.05E-02,-9.15E-02
DE_34,-1.10E-02,-3.80E-02,-4.85E-02
DE_35,1.98E-02,-4.45E-02,-2.55E-02
DE_36,-5.87E-03,-3.77E-02,-4.34E-02
DE_37,-3.91E-02,-0.034356199,-7.21E-02
DE_38,-0.079750029,-2.74E-02,-0.104958341
DE_39,-7.95E-02,-2.84E-02,-0.105663731
DE_40,-2.66E-02,-2.69E-03,-2.92E-02
DE_41,-3.64E-02,-1.06E-02,-4.66E-02
DE_42,-2.81E-02,-2.08E-02,-4.83E-02
DE_44,-4.19E-02,-5.10E-03,-4.68E-02
DE_45,-3.55E-02,-4.32E-03,-3.97E-02
DE_46,-2.73E-02,-8.30E-03,-3.54E-02
DE_47,-2.61E-02,-7.55E-03,-3.35E-02
DE_48,-6.00E-02,-9.79E-03,-6.92E-02
DE_49,-6.96E-02,-0.024053262,-9.20E-02
DE_50,-2.60E-02,-4.22E-03,-3.02E-02
DE_51,-2.14E-02,-7.26E-03,-2.85E-02
DE_52,-2.83E-02,-9.62E-03,-0.037617843
DE_53,-3.93E-02,-8.87E-03,-4.79E-02
DE_54,2.45E-02,-4.06E-02,-1.71E-02
DE_55,3.05E-02,-4.33E-02,-1.42E-02
DE_56,2.25E-02,-4.47E-02,-2.32E-02
DE_57,-5.69E-03,-1.47E-02,-0.020263505
DE_58,-4.80E-02,-8.84E-03,-5.64E-02
DE_59,-7.16E-02,-8.71E-03,-7.97E-02
DE_60,-8.98E-03,-4.80E-02,-5.65E-02
DE_61,-4.17E-03,-4.38E-02,-4.78E-02
DE_63,3.34E-03,-0.04773458,-4.46E-02
DE_64,2.43E-02,-5.15E-02,-2.85E-02
DE_65,2.50E-02,-4.24E-02,-1.85E-02
DE_66,2.21E-02,-4.42E-02,-2.31E-02
DE_67,4.79E-03,-4.14E-02,-3.68E-02
DE_68,1.86E-02,-4.86E-02,-3.09E-02
DE_69,7.39E-03,-5.11E-02,-4.40E-02
DE_70,4.13E-02,-5.43E-02,-1.53E-02
DE_71,-1.53E-02,-2.99E-02,-4.47E-02
DE_72,-6.87E-02,-3.48E-02,-0.101113213
DE_73,-1.81E-02,-3.39E-02,-5.14E-02
DE_74,1.18E-02,-4.93E-02,-3.81E-02
DE_75,2.63E-02,-6.39E-02,-3.93E-02
DE_76,2.36E-02,-4.99E-02,-2.75E-02
DE_77,-4.14E-02,-4.46E-02,-8.42E-02
DE_78,-9.06E-02,-4.46E-02,-0.13116235
DE_79,-7.96E-02,-4.16E-02,-0.117907023
DE_80,-9.05E-02,-4.15E-02,-0.128233483
DE_81,-6.62E-02,-0.034252192,-0.098196925
DE_82,-0.118927342,-3.29E-02,-0.147881548
DE_83,-9.63E-02,-4.12E-02,-0.133454448
DE_84,-7.72E-02,-4.10E-02,-0.114983705
DE_85,-9.44E-02,-3.09E-02,-0.122414565
DE_86,-0.123983454,-3.82E-02,-0.157417016
DE_87,-0.146153095,-3.94E-02,-0.179837343
DE_88,-0.133780936,-3.61E-02,-0.165070103
DE_89,-7.98E-02,-3.70E-02,-0.113814719
DE_90,0.03637972,-5.87E-02,-2.44E-02
DE_91,1.12E-02,-4.05E-02,-2.98E-02
DE_92,-8.42E-03,-4.05E-02,-4.86E-02
DE_93,-1.07E-02,-5.28E-02,-6.30E-02
DE_94,-6.36E-02,-3.92E-02,-0.100311259
DE_95,-1.11E-02,-4.31E-02,-5.37E-02
DE_96,6.72E-03,-4.48E-02,-3.83E-02
DE_97,-0.005313917,-3.67E-02,-4.19E-02
DE_98,-3.42E-03,-5.56E-02,-5.88E-02
DE_99,-0.023115125,-4.23E-02,-0.064439409
DK_1,4.84E-02,-5.65E-02,-1.09E-02
DK_2,1.08E-02,-5.35E-02,-4.33E-02
DK_3,-3.24E-03,-6.09E-02,-6.39E-02
DK_4,-2.23E-02,-4.85E-02,-6.98E-02
DK_5,-0.027274493,-6.03E-02,-8.59E-02
DK_6,-1.00E-02,-5.90E-02,-6.84E-02
DK_7,2.45E-02,-0.065135033,-4.22E-02
DK_8,-2.44E-02,-5.75E-02,-0.080463441
DK_9,6.01E-02,-7.70E-02,-0.021565645
DK_10,1.38E-02,-8.80E-02,-7.54E-02
DK_11,3.02E-03,-5.65E-02,-5.37E-02
FR_1,-0.121452362,-0.47382642,-0.537731444
FR_2,1.70E-02,-9.65E-02,-8.12E-02
FR_3,-0.128022301,-0.412319177,-0.487555428
FR_4,-8.20E-02,-0.476820651,-0.519705268
FR_5,-1.10E-02,-0.479564683,-0.485296268
FR_6,2.00E-02,-0.22706824,-0.211645429
FR_7,-2.25E-02,-0.47147546,-0.483345972
FR_8,5.03E-02,-0.103154002,-5.81E-02
FR_9,-5.38E-02,-0.248153085,-0.28861092
FR_10,0.028609139,-0.109632696,-8.42E-02
FR_11,-0.125267009,-0.183437862,-0.285726159
FR_12,-4.90E-02,-0.468975624,-0.495011296
FR_13,-8.53E-02,-0.245042928,-0.309450453
FR_14,2.28E-02,-0.218220697,-0.200359334
FR_15,-2.68E-02,-0.467637506,-0.481900741
FR_16,-8.40E-02,-9.98E-02,-0.175425467
FR_17,-0.06585697,-0.300589571,-0.346650622
FR_18,-5.23E-02,-0.416748207,-0.447235835
FR_19,-7.69E-02,-0.186368808,-0.248908086
FR_20,-0.105671122,-0.206807094,-0.290624679
FR_21,-7.66E-02,-0.120531407,-0.187907915
FR_22,7.49E-03,-0.200442922,-0.194454304
FR_23,-0.100498113,-0.296965449,-0.367619094
FR_24,-0.120424805,-6.60E-02,-0.178460487
FR_25,-8.13E-02,-0.147845875,-0.217105388
FR_26,-1.28E-02,-0.469877502,-0.476667803
FR_27,4.85E-02,-0.16643438,-0.12599095
FR_28,8.57E-02,-0.11937519,-4.39E-02
FR_29,2.63E-03,-0.198882769,-0.196774349
FR_30,-0.195439185,-0.257049171,-0.402250875
FR_31,-4.57E-02,-0.109214223,-0.149943401
FR_32,-8.39E-02,-4.50E-02,-0.125095365
FR_33,-8.72E-02,-5.92E-02,-0.141178281
FR_34,-0.441147944,-0.27543822,-0.59507716
FR_35,0.02482939,-0.222053084,-0.202737137
FR_36,-6.77E-02,-0.409312362,-0.44928124
FR_37,-5.22E-03,-0.129499742,-0.134041435
FR_38,-3.64E-02,-0.475155533,-0.494275041
FR_39,-4.01E-02,-0.176544591,-0.209549635
FR_40,-8.88E-02,-6.69E-02,-0.149740244
FR_41,4.56E-03,-0.124251827,-0.120259439
FR_42,-0.126555654,-0.455311549,-0.524244952
FR_43,-0.063869504,-0.469157269,-0.503061931
FR_44,-3.64E-02,-8.00E-02,-0.113531837
FR_45,5.21E-02,-0.130663003,-8.54E-02
FR_46,-0.102550125,-0.232814887,-0.311489816
FR_47,-0.103606899,-6.81E-02,-0.164645428
FR_48,1.87E-02,-0.468035871,-0.458064449
FR_49,-4.07E-02,-0.104249695,-0.140746672
FR_50,0.021153692,-0.199623684,-0.18269277
FR_51,5.95E-02,-0.107434011,-5.44E-02
FR_52,3.03E-02,-0.114451559,-8.76E-02
FR_53,0.042889087,-0.139390995,-0.10248026
FR_54,0.135024377,-0.124938525,-6.78E-03
FR_55,0.109864127,-0.117948686,-2.10E-02
FR_56,-2.55E-02,-0.205423291,-0.225714588
FR_57,0.112473855,-0.110319281,-1.03E-02
FR_58,-5.33E-02,-0.416013227,-0.447167549
FR_59,-4.09E-02,-0.198304225,-0.231125638
FR_60,3.19E-02,-0.112441529,-8.42E-02
FR_61,5.54E-02,-0.167208946,-0.121077876
FR_62,-4.41E-02,-0.222067699,-0.256345387
FR_63,-0.117288445,-0.439020951,-0.504817311
FR_64,-9.29E-02,-0.187882506,-0.263299015
FR_65,-5.73E-02,-0.225256546,-0.26967189
FR_66,-0.178199481,-0.242393307,-0.377398427
FR_67,8.90E-03,-8.08E-02,-7.26E-02
FR_68,-4.51E-02,-0.104873465,-0.145259877
FR_69,-0.112029147,-0.41579076,-0.481239222
FR_70,-4.85E-02,-0.131852563,-0.173974906
FR_71,-0.150089532,-0.417620132,-0.505029254
FR_72,3.71E-02,-0.114638693,-8.18E-02
FR_73,-5.29E-02,-0.474736505,-0.502527785
FR_74,-9.74E-02,-0.475356253,-0.526478625
FR_75,0.125140148,-0.18787769,-8.62E-02
FR_76,3.31E-02,-0.230329577,-0.204852037
FR_77,6.63E-02,-0.126153471,-6.82E-02
FR_78,7.82E-02,-0.141593699,-7.45E-02
FR_79,-4.47E-02,-5.90E-02,-0.101141143
FR_80,-8.20E-03,-0.201032536,-0.207581321
FR_81,-8.47E-02,-0.236117285,-0.300800633
FR_82,-9.31E-02,-0.142198859,-0.222070852
FR_83,-8.57E-02,-0.236716665,-0.302115978
FR_84,-5.57E-02,-0.506864996,-0.534327559
FR_85,-4.08E-02,-7.76E-02,-0.115183439
FR_86,-3.94E-02,-6.88E-02,-0.105478055
FR_87,-7.43E-02,-0.114321029,-0.180120477
FR_88,1.01E-02,-0.10686329,-9.78E-02
FR_89,2.22E-02,-0.124506598,-0.105104183
FR_90,-1.86E-02,-0.139325783,-0.155299126
FR_91,0.132753449,-0.159125435,-4.75E-02
FR_92,0.147189909,-0.189302556,-7.00E-02
FR_93,0.145465229,-0.193484726,-0.076164798
FR_94,0.152731309,-0.189700866,-6.59E-02
FR_95,4.11E-02,-0.148709751,-0.113696682
FR_98,-9999,-9999,-9999
IE_CE,-4.26E-02,-0.171448261,-0.206784975
IE_CK,-0.362381878,-0.157279473,-0.46266612
IE_CN,0.463871803,-0.16615965,0.220635377
IE_CW,0.297803295,-0.17897638,6.55E-02
IE_DL,-1.39E-02,-0.189066676,-0.200322003
IE_DN,-6.26E-02,-0.155319472,-0.208185647
IE_GY,-4.49E-02,-0.179291701,-0.216122368
IE_KE,-0.124592063,-0.164717174,-0.268786785
IE_KK,0.452870898,-0.183749514,0.185906576
IE_KY,-0.428802817,-0.159883131,-0.520127611
IE_LD,0.15609152,-0.181269205,-5.35E-02
IE_LH,-0.528958677,-0.170971914,-0.609493514
IE_LK,-0.191956243,-0.164255588,-0.324681946
IE_LM,-0.403397724,-0.17833017,-0.509789909
IE_LS,-1.68E-02,-0.174985945,-0.188885575
IE_MH,4.64E-02,-0.173566304,-0.135245263
IE_MN,0.438814306,-0.187906155,0.168452242
IE_MO,-0.539704191,-0.161120028,-0.613867064
IE_OY,-0.215978127,-0.170022936,-0.349279828
IE_RN,-0.112408998,-0.170250041,-0.263521403
IE_SO,0.046712185,-0.185292515,-0.147235748
IE_TY,-0.17021678,-0.157546002,-0.300945809
IE_WD,-5.70E-02,-0.179365533,-0.226180465
IE_WH,-0.237228519,-0.165954466,-0.363813852
IE_WW,0.62667936,-0.17977045,0.334250479
IE_WX,0.235153428,-0.180579276,1.21E-02
LU_1,0.386144558,-0.319243269,-0.056372762
NL_10,-5.26E-02,-0.171163289,-0.214779254
NL_11,2.62E-02,-0.2158481,-0.195275299
NL_12,8.51E-02,-0.288157319,-0.227565855
NL_13,6.23E-02,-0.252317046,-0.205745559
NL_14,2.22E-02,-0.200786435,-0.183024088
NL_15,5.62E-02,-0.267211667,-0.225993009
NL_16,-2.31E-02,-0.137681534,-0.157622663
NL_17,-2.03E-02,-0.151441358,-0.168631907
NL_18,5.03E-02,-0.274175569,-0.237679282
NL_19,3.04E-02,-0.261658561,-0.239224704
NL_20,6.91E-02,-0.290319549,-0.241295468
NL_21,0.044181412,-0.246683066,-0.21340046
NL_22,3.53E-02,-0.241142264,-0.214386571
NL_23,6.99E-02,-0.293454178,-0.244089343
NL_24,8.40E-02,-0.272953184,-0.211845868
NL_25,5.17E-02,-0.33180225,-0.297268228
NL_26,5.58E-02,-0.251742427,-0.209953823
NL_27,7.56E-02,-0.266299512,-0.210801537
NL_28,0.097505808,-0.28115031,-0.21105829
NL_29,7.09E-02,-0.261714338,-0.209362641
NL_30,9.66E-03,-0.276667594,-0.269680177
NL_31,5.10E-02,-0.251022739,-0.21279585
NL_32,2.95E-02,-0.20696958,-0.183597953
NL_33,6.95E-02,-0.252662964,-0.200738165
NL_34,7.97E-02,-0.266067068,-0.20755085
NL_35,9.92E-02,-0.325245671,-0.258327974
NL_36,4.78E-02,-0.225291249,-0.188289032
NL_37,8.74E-02,-0.279630787,-0.216659856
NL_38,8.68E-02,-0.267496303,-0.203902231
NL_39,9.94E-02,-0.26787452,-0.195070402
NL_40,9.99E-02,-0.224276336,-0.146809164
NL_41,9.21E-02,-0.250491699,-0.181443415
NL_42,0.088900666,-0.243547929,-0.176298836
NL_43,5.26E-02,-0.228848856,-0.188265259
NL_44,3.55E-02,-0.194322321,-0.165690172
NL_45,0.051340847,-0.227720935,-0.188071474
NL_46,4.68E-02,-0.216433885,-0.1797863
NL_47,5.17E-02,-0.240069975,-0.200785178
NL_48,0.100769314,-0.306987252,-0.237152833
NL_49,0.10111485,-0.272604621,-0.199054147
NL_50,0.13801599,-0.341924206,-0.251099224
NL_51,0.121877095,-0.283735903,-0.196439715
NL_52,0.101936147,-0.279241345,-0.205769985
NL_53,0.112196494,-0.245393387,-0.16072917
NL_54,0.129896844,-0.265306647,-0.169872299
NL_55,0.157004204,-0.29475697,-0.18403085
NL_56,0.165155874,-0.314092677,-0.200811053
NL_57,0.186314219,-0.290848634,-0.158723651
NL_58,0.158104759,-0.264902483,-0.148680068
NL_59,0.182819213,-0.258322546,-0.122729658
NL_60,0.203178116,-0.296785832,-0.153908102
NL_61,0.241344103,-0.331065992,-0.169622714
NL_62,0.220757358,-0.354342065,-0.211808325
NL_63,0.227944041,-0.321922277,-0.1673585
NL_64,0.291969871,-0.37847645,-0.197010299
NL_65,0.156735866,-0.292916114,-0.182090709
NL_66,0.105853632,-0.219819025,-0.137234035
NL_67,0.15451931,-0.303387464,-0.195747376
NL_68,0.145474594,-0.304499712,-0.20332209
NL_69,0.118442827,-0.237122512,-0.146765145
NL_70,0.157106222,-0.252933442,-0.135564637
NL_71,0.137433562,-0.248290705,-0.14498062
NL_72,0.122481138,-0.256140604,-0.165031859
NL_73,0.141557253,-0.284160845,-0.18282862
NL_74,0.123144948,-0.269770861,-0.179846831
NL_75,0.117402817,-0.282733004,-0.198523838
NL_76,0.109338036,-0.256930602,-0.175684853
NL_77,9.54E-02,-0.237692965,-0.164952891
NL_78,9.50E-02,-0.208726295,-0.133572799
NL_79,9.91E-02,-0.240480044,-0.165246496
NL_80,8.10E-02,-0.252151333,-0.191559008
NL_81,9.91E-02,-0.239277152,-0.163858124
NL_82,4.45E-02,-0.218274146,-0.183484197
NL_83,3.31E-02,-0.173729861,-0.146380283
NL_84,5.13E-02,-0.22648302,-0.186813947
NL_85,2.69E-02,-0.190706194,-0.168970312
NL_86,5.81E-02,-0.242735375,-0.198768333
NL_87,7.94E-03,-0.160836702,-0.154172498
NL_88,2.95E-02,-0.149110419,-0.124007164
NL_89,8.80E-02,-0.283106972,-0.219987155
NL_90,3.64E-02,-0.19215775,-0.162784914
NL_91,3.32E-02,-0.160642832,-0.132774413
NL_92,4.91E-02,-0.212094281,-0.173425394
NL_93,8.05E-02,-0.235046796,-0.17346221
NL_94,8.21E-02,-0.236962035,-0.174319107
NL_95,0.073009308,-0.22935671,-0.173092577
NL_96,6.23E-02,-0.202394419,-0.152731069
NL_97,9.32E-02,-0.25502722,-0.18556898
NL_98,6.68E-02,-0.202086973,-0.148790395
NL_99,2.24E-02,-0.119243316,-9.95E-02
NO_00,-0.403447228,7.07E-02,-0.361258791
NO_01,-0.103028603,8.89E-02,-2.33E-02
NO_02,-8.64E-02,0.057789945,-3.36E-02
NO_03,-0.087388278,0.075465824,-1.85E-02
NO_04,-9.14E-02,8.55E-02,-1.37E-02
NO_05,-9.93E-02,0.103139183,-6.45E-03
NO_06,-0.101949993,6.86E-02,-4.04E-02
NO_07,-8.98E-02,-6.65E-03,-9.59E-02
NO_08,-8.31E-02,3.80E-02,-0.048273912
NO_09,-0.105257929,8.01E-02,-0.033552823
NO_10,-0.115545216,6.09E-02,-6.16E-02
NO_11,-9.79E-02,6.13E-02,-4.26E-02
NO_12,-0.100634913,6.75E-03,-9.46E-02
NO_13,-6.75E-02,-5.45E-02,-0.11836227
NO_14,-7.15E-02,-8.51E-02,-0.150569242
NO_15,-8.20E-02,-0.186569015,-0.253308305
NO_16,-5.36E-02,-0.165964681,-0.210641349
NO_17,-6.33E-02,-0.141302041,-0.195651776
NO_18,-9.80E-02,-0.253206905,-0.326370718
NO_19,-8.81E-02,-0.16846189,-0.241736896
NO_20,-6.93E-02,-0.124701294,-0.185397652
NO_21,-7.75E-02,-0.214126875,-0.275006102
NO_22,-0.064735711,-0.311756685,-0.356310606
NO_23,-3.95E-02,-0.248435675,-0.278102112
NO_24,-5.75E-02,-0.31156492,-0.351156309
NO_25,-4.93E-02,-0.389863281,-0.419955527
NO_26,-6.85E-02,-0.33180985,-0.377569837
NO_27,-6.92E-02,-0.238424963,-0.291090471
NO_28,-4.46E-02,-0.24416262,-0.277840169
NO_29,-0.072677592,-0.348531694,-0.395878842
NO_30,-8.74E-02,-0.126964809,-0.203237403
NO_31,-7.96E-02,-0.162836028,-0.229455592
NO_32,-6.39E-02,-0.16526681,-0.218614463
NO_33,-8.27E-02,-0.162796168,-0.232051188
NO_34,-8.86E-02,-0.148631825,-0.224060357
NO_35,-6.92E-02,-0.285178347,-0.334669236
NO_36,-6.78E-02,-0.251576535,-0.302314716
NO_37,-6.50E-02,-0.183369801,-0.236469676
NO_38,-6.17E-02,-0.289133929,-0.332970653
NO_39,-6.86E-02,-0.143202184,-0.201997954
NO_40,-1.80E-02,-0.14919516,-0.16451576
NO_41,-3.22E-02,-0.320517041,-0.342405117
NO_42,-4.12E-02,-0.233827684,-0.265363189
NO_43,-2.14E-02,-0.247622015,-0.263699379
NO_44,-2.81E-02,-0.248165417,-0.269308265
NO_45,-3.65E-02,-0.241590133,-0.269266582
NO_46,-2.83E-02,-0.128934786,-0.153607564
NO_47,-3.73E-02,-0.233826369,-0.262388359
NO_48,-4.29E-02,-0.17991846,-0.21509973
NO_49,-6.93E-02,-0.200333863,-0.255755579
NO_50,-6.27E-02,1.83E-02,-4.55E-02
NO_51,-5.36E-02,-6.95E-02,-0.11938829
NO_52,-4.91E-02,-0.180625222,-0.220893583
NO_53,-4.94E-02,-0.210598996,-0.249596198
NO_54,-5.12E-02,-0.277708895,-0.314673638
NO_55,-4.15E-02,-0.278823522,-0.308729131
NO_56,-5.02E-02,-0.31300907,-0.347504349
NO_57,-4.20E-02,-0.288016722,-0.317949121
NO_59,-6.07E-02,-0.317862653,-0.359249407
NO_60,-5.62E-02,-0.258900267,-0.300570559
NO_61,-6.69E-02,-0.362424897,-0.405064597
NO_62,-4.85E-02,-0.340631116,-0.372603549
NO_63,-4.11E-02,-0.329158669,-0.356699211
NO_64,-4.07E-02,-0.311493646,-0.339501842
NO_65,-4.02E-02,-0.298373571,-0.326566967
NO_66,-0.036169985,-0.336245788,-0.360253768
NO_67,-5.88E-02,-0.351047472,-0.389193536
NO_68,-3.68E-02,-0.364496188,-0.387890828
NO_69,-5.20E-02,-0.356919362,-0.390374352
NO_70,-3.87E-02,-9.84E-02,-0.133334876
NO_71,-4.27E-02,-0.331774902,-0.36029578
NO_72,-4.35E-02,-0.274553989,-0.306116766
NO_73,-4.27E-02,-0.296950706,-0.326954616
NO_75,-5.54E-02,-0.2887193,-0.328095914
NO_76,-4.79E-02,-0.350353445,-0.381466311
NO_77,-0.058358144,-0.337509309,-0.376171036
NO_78,-8.59E-02,-0.332941664,-0.390210165
NO_79,-0.078860831,-0.39031941,-0.438399328
NO_80,-0.156832672,-0.271905814,-0.386094771
NO_81,-0.10391841,-0.305238273,-0.377436807
NO_82,-0.100907208,-0.330915379,-0.398430841
NO_83,-0.118229869,-0.304737199,-0.386938028
NO_84,-0.149539209,-0.300113032,-0.404773576
NO_85,-0.112894461,-0.240666484,-0.326391032
NO_86,-7.61E-02,-0.256936707,-0.3135052
NO_87,-9.72E-02,-0.327645728,-0.392996842
NO_88,-0.100858112,-0.342179215,-0.408525778
NO_89,-6.82E-02,-0.344697314,-0.389382004
NO_90,-0.100562062,-0.217776655,-0.296438647
NO_91,-0.11051326,-0.312123698,-0.38814315
NO_93,-6.55E-02,-0.286691395,-0.333381369
NO_94,-0.13917335,-0.250245307,-0.354591179
NO_95,-0.118571164,-0.305104125,-0.387498738
NO_96,-0.130001589,-0.227616353,-0.328027455
NO_97,-0.111784827,-0.317274506,-0.393592857
NO_98,-7.77E-02,-0.333043989,-0.384849865
NO_99,-0.109772182,-0.222935823,-0.308235854
PL_DS,-2.33E-02,-0.256937776,-0.274281505
PL_KP,2.95E-02,-0.263843315,-0.24211983
PL_LB,-8.01E-03,-0.253128482,-0.259113783
PL_LD,2.32E-02,-0.260747695,-0.243632589
PL_LU,8.64E-02,-0.253134296,-0.188609142
PL_MA,1.75E-03,-0.275638115,-0.274370437
PL_MP,-1.55E-02,-0.258937947,-0.270438398
PL_OP,2.39E-02,-0.258421596,-0.240671372
PL_PD,0.147090398,-0.258278686,-0.149178603
PL_PK,0.028427411,-0.258696748,-0.237623416
PL_PM,1.42E-02,-0.253322128,-0.242745664
PL_SL,-1.57E-02,-0.268129512,-0.279643095
PL_SW,6.69E-02,-0.263610644,-0.214356993
PL_WM,7.65E-02,-0.25408183,-0.197028117
PL_WP,1.82E-02,-0.262386998,-0.248973747
PL_ZP,-2.76E-02,-0.254667298,-0.275258344
SE_0114,-5.19E-02,1.93E-02,-3.36E-02
SE_0115,-0.117520397,-3.67E-03,-0.120756622
SE_0117,-0.158323054,-0.023501931,-0.178104087
SE_0120,-0.123622913,-4.71E-02,-0.164941677
SE_0123,-3.88E-02,2.42E-02,-1.55E-02
SE_0125,-7.17E-02,-6.02E-03,-7.73E-02
SE_0126,-6.80E-02,1.12E-02,-5.76E-02
SE_0127,-7.25E-02,8.29E-03,-6.48E-02
SE_0128,-4.09E-02,1.92E-02,-2.25E-02
SE_0136,-0.123760312,-6.19E-03,-0.129186954
SE_0138,-0.074774312,5.21E-03,-7.00E-02
SE_0139,-5.09E-02,-3.44E-03,-5.42E-02
SE_0140,-2.28E-02,-6.91E-03,-2.96E-02
SE_0160,-7.07E-02,2.77E-02,-4.49E-02
SE_0162,-6.68E-02,2.12E-02,-4.70E-02
SE_0163,-0.050587937,2.43E-02,-2.75E-02
SE_0180,-9.30E-02,1.62E-02,-7.83E-02
SE_0181,-0.053588439,6.65E-04,-5.30E-02
SE_0182,-8.17E-02,5.24E-03,-0.076915018
SE_0183,-5.05E-02,2.36E-02,-2.80E-02
SE_0184,-0.059314484,2.32E-02,-3.75E-02
SE_0186,-7.81E-02,1.87E-02,-6.09E-02
SE_0187,-8.82E-02,-4.01E-02,-0.124701291
SE_0188,-0.188220885,-2.77E-02,-0.210723652
SE_0191,-7.77E-02,8.18E-03,-7.02E-02
SE_0192,-0.130978536,-9.61E-03,-0.139331584
SE_0305,-5.13E-02,-7.71E-03,-0.058637729
SE_0319,-8.51E-02,-5.03E-03,-8.97E-02
SE_0330,-7.01E-02,-5.78E-03,-7.55E-02
SE_0360,-0.129802226,-1.74E-02,-0.144963333
SE_0380,-7.49E-02,-1.29E-06,-7.49E-02
SE_0381,-7.39E-02,-6.95E-03,-8.03E-02
SE_0382,-0.171193851,-0.016376471,-0.184766771
SE_0428,-6.06E-02,-9.36E-03,-6.94E-02
SE_0461,-0.03897737,-1.21E-02,-5.06E-02
SE_0480,-0.094453161,-2.17E-03,-9.64E-02
SE_0481,-6.44E-02,-1.67E-03,-6.60E-02
SE_0482,-5.21E-02,-1.08E-02,-6.23E-02
SE_0483,-5.07E-02,-2.27E-03,-5.29E-02
SE_0484,-6.15E-02,-2.27E-03,-6.36E-02
SE_0486,-6.56E-02,-8.25E-03,-7.33E-02
SE_0488,-8.16E-02,-1.47E-02,-0.095162196
SE_0509,-1.76E-02,-8.49E-03,-2.59E-02
SE_0512,-2.88E-02,-7.15E-03,-0.035751402
SE_0513,-0.025664977,-3.37E-03,-2.89E-02
SE_0560,-4.05E-02,-5.50E-03,-4.57E-02
SE_0561,-2.60E-02,-1.52E-03,-2.74E-02
SE_0562,-4.39E-02,-3.45E-03,-4.72E-02
SE_0563,-0.129377976,-5.87E-03,-0.13448676
SE_0580,-3.66E-02,1.93E-03,-3.48E-02
SE_0581,-6.34E-02,6.66E-04,-6.28E-02
SE_0582,-9.29E-02,-5.01E-03,-9.74E-02
SE_0583,-0.0290013,-3.68E-03,-3.26E-02
SE_0584,-2.78E-02,3.35E-04,-2.74E-02
SE_0586,-4.95E-02,-1.51E-03,-5.10E-02
SE_0604,-4.24E-02,-2.50E-03,-4.48E-02
SE_0617,-2.24E-02,-4.49E-03,-2.68E-02
SE_0642,-4.73E-02,-6.00E-03,-5.30E-02
SE_0643,-6.76E-02,9.16E-05,-6.76E-02
SE_0662,1.53E-02,-6.40E-03,8.77E-03
SE_0665,-2.18E-03,-7.04E-03,-9.21E-03
SE_0680,-1.11E-02,1.35E-03,-9.75E-03
SE_0682,-4.86E-02,-3.87E-03,-5.22E-02
SE_0683,-0.010635941,-2.12E-03,-1.27E-02
SE_0684,-3.00E-02,-4.37E-03,-3.42E-02
SE_0685,-4.37E-02,-4.47E-03,-4.80E-02
SE_0686,-2.91E-02,-4.40E-03,-3.34E-02
SE_0687,-4.50E-02,-5.99E-04,-4.56E-02
SE_0760,-4.60E-02,-6.97E-03,-5.27E-02
SE_0761,-0.023810537,-4.09E-04,-2.42E-02
SE_0763,3.30E-02,-5.60E-03,2.72E-02
SE_0764,-8.90E-03,-7.07E-03,-1.59E-02
SE_0765,2.48E-02,-3.89E-03,2.08E-02
SE_0767,7.74E-02,-8.98E-03,6.78E-02
SE_0780,-6.70E-03,-2.19E-04,-6.91E-03
SE_0781,7.82E-02,-5.83E-03,7.19E-02
SE_0821,-2.78E-02,-6.36E-03,-3.39E-02
SE_0834,-3.96E-02,-4.27E-03,-0.043663822
SE_0840,-2.87E-03,-8.79E-03,-0.011637949
SE_0860,-3.57E-02,-3.59E-03,-3.91E-02
SE_0861,-0.106199075,-6.15E-03,-0.111694407
SE_0862,-2.67E-02,-3.08E-03,-2.97E-02
SE_0880,-6.24E-02,8.27E-05,-6.23E-02
SE_0881,-4.45E-02,-4.67E-03,-4.90E-02
SE_0882,-0.111649084,-2.93E-03,-0.114249167
SE_0883,-7.48E-02,-5.53E-03,-7.99E-02
SE_0884,-6.21E-02,-3.11E-03,-0.064982532
SE_0885,-5.72E-02,-2.70E-02,-8.27E-02
SE_0980,-5.12E-02,-3.40E-03,-0.054403881
SE_1060,5.92E-02,-1.71E-03,5.74E-02
SE_1080,5.47E-02,-2.23E-03,0.052324053
SE_1081,9.98E-02,-3.74E-03,9.57E-02
SE_1082,0.133905856,-8.64E-04,0.132926612
SE_1083,4.08E-02,3.43E-03,4.44E-02
SE_1214,6.88E-02,-4.20E-03,6.44E-02
SE_1230,2.89E-02,1.49E-02,4.43E-02
SE_1231,1.39E-02,2.18E-02,3.60E-02
SE_1233,0.038024744,3.40E-03,4.16E-02
SE_1256,6.52E-02,-3.14E-03,6.19E-02
SE_1257,0.112774814,-1.25E-02,9.89E-02
SE_1260,0.106435098,5.07E-03,0.112049489
SE_1261,3.33E-02,1.19E-02,4.55E-02
SE_1262,4.30E-02,1.96E-02,6.35E-02
SE_1263,4.16E-02,6.75E-04,4.23E-02
SE_1264,0.044017314,2.68E-03,4.68E-02
SE_1265,4.81E-02,-6.12E-03,4.17E-02
SE_1266,4.23E-02,-1.72E-02,2.45E-02
SE_1267,4.45E-02,-2.38E-02,1.96E-02
SE_1270,3.57E-02,-8.08E-03,2.73E-02
SE_1272,0.129219779,2.80E-03,0.132377635
SE_1273,7.83E-02,-3.21E-03,7.49E-02
SE_1275,0.131224144,-1.98E-03,0.128988024
SE_1276,0.124694273,-2.73E-03,0.121625857
SE_1277,5.54E-02,6.91E-03,6.27E-02
SE_1278,0.131026775,1.13E-03,0.132307182
SE_1280,4.92E-02,2.13E-02,7.16E-02
SE_1281,0.04964654,7.70E-03,5.77E-02
SE_1282,4.03E-02,0.012246569,5.31E-02
SE_1283,8.41E-02,1.58E-02,0.101207696
SE_1284,0.138585172,3.02E-02,0.173000067
SE_1285,0.026191569,3.59E-03,2.99E-02
SE_1286,5.04E-02,2.45E-03,5.30E-02
SE_1287,0.041407464,9.25E-03,5.10E-02
SE_1290,3.77E-02,1.77E-03,3.95E-02
SE_1291,1.30E-02,4.93E-03,1.80E-02
SE_1292,0.110427426,-3.05E-04,0.1100885
SE_1293,0.118103159,-3.71E-03,0.113958307
SE_1315,1.97E-02,-6.28E-03,1.33E-02
SE_1380,0.188945441,-5.09E-03,0.182895526
SE_1381,0.133280934,-2.44E-02,0.105637091
SE_1382,0.18384638,-1.04E-02,0.171492319
SE_1383,0.155773549,-9.87E-03,0.1443629
SE_1384,0.113306838,-0.002815503,0.110172319
SE_1401,2.97E-02,4.88E-04,3.02E-02
SE_1402,-5.83E-03,2.29E-02,1.69E-02
SE_1407,8.89E-02,2.12E-02,0.111902328
SE_1415,3.72E-02,-9.58E-03,2.73E-02
SE_1419,3.34E-02,-2.09E-02,1.19E-02
SE_1421,2.38E-02,-3.12E-02,-8.07E-03
SE_1427,0.050321348,-1.23E-02,3.74E-02
SE_1430,0.072643607,-8.69E-03,6.33E-02
SE_1435,0.04709594,-0.020886469,2.52E-02
SE_1438,2.35E-02,-1.07E-02,1.26E-02
SE_1439,8.65E-03,-8.53E-03,4.65E-05
SE_1440,6.67E-03,-4.45E-03,2.18E-03
SE_1441,-1.29E-02,6.56E-03,-6.44E-03
SE_1442,-2.01E-02,-1.14E-02,-3.13E-02
SE_1443,-0.026199403,-3.21E-03,-2.93E-02
SE_1444,-2.64E-02,-1.28E-02,-3.89E-02
SE_1445,-1.84E-02,-1.98E-02,-3.78E-02
SE_1446,-7.47E-02,-7.19E-04,-7.53E-02
SE_1447,-6.24E-03,-6.85E-03,-1.30E-02
SE_1452,3.39E-04,-5.40E-03,-5.07E-03
SE_1460,1.70E-02,-4.13E-03,1.28E-02
SE_1461,-0.018242399,-5.21E-03,-2.34E-02
SE_1462,-3.99E-02,-7.07E-03,-0.046698599
SE_1463,7.73E-02,-9.70E-04,7.63E-02
SE_1465,1.94E-02,-6.76E-03,1.25E-02
SE_1466,-3.46E-02,-1.43E-02,-4.84E-02
SE_1470,-3.27E-02,-1.79E-02,-0.04998405
SE_1471,-2.01E-02,-4.83E-03,-0.024855956
SE_1472,-7.30E-02,-7.14E-03,-7.96E-02
SE_1473,-5.10E-02,-7.55E-03,-5.82E-02
SE_1480,0.112156049,0.017781748,0.131932128
SE_1481,9.82E-03,1.99E-02,3.00E-02
SE_1482,0.041883129,-6.44E-04,4.12E-02
SE_1484,4.14E-02,-2.68E-02,0.013428094
SE_1485,4.34E-02,-3.24E-03,4.00E-02
SE_1486,-1.78E-02,-2.02E-02,-3.76E-02
SE_1487,-4.79E-02,-1.85E-04,-4.81E-02
SE_1488,-1.59E-02,3.45E-03,-1.25E-02
SE_1489,1.29E-02,7.25E-04,1.36E-02
SE_1490,9.61E-03,4.59E-03,1.42E-02
SE_1491,-1.96E-02,-7.36E-03,-2.68E-02
SE_1492,0.030159822,-3.89E-03,2.62E-02
SE_1493,2.01E-04,1.29E-03,1.49E-03
SE_1494,-1.13E-02,-1.54E-03,-1.29E-02
SE_1495,-3.81E-02,-7.25E-03,-4.50E-02
SE_1496,-0.048946163,-5.81E-04,-4.95E-02
SE_1497,-8.38E-02,-1.95E-03,-0.085629645
SE_1498,-0.072670882,-6.54E-03,-7.87E-02
SE_1499,-0.049885231,-8.44E-03,-5.79E-02
SE_1715,-5.33E-03,-6.16E-03,-1.15E-02
SE_1730,2.27E-02,-4.54E-03,1.80E-02
SE_1737,9.65E-02,-2.16E-03,0.094094692
SE_1760,-1.12E-02,-7.81E-03,-0.018962399
SE_1761,-3.68E-02,7.26E-03,-2.98E-02
SE_1762,1.68E-02,-1.62E-03,1.51E-02
SE_1763,1.08E-02,-2.19E-03,8.57E-03
SE_1764,3.61E-03,-2.52E-03,1.08E-03
SE_1765,-4.13E-02,-7.53E-03,-4.86E-02
SE_1766,1.98E-02,-4.63E-03,1.51E-02
SE_1780,-1.21E-02,2.85E-04,-1.18E-02
SE_1781,-0.023902326,-5.61E-04,-2.44E-02
SE_1782,-3.01E-02,-3.10E-03,-3.31E-02
SE_1783,4.25E-02,-2.87E-03,3.95E-02
SE_1784,1.55E-02,-4.24E-03,1.12E-02
SE_1785,1.31E-02,-4.19E-04,0.012706637
SE_1814,-3.68E-03,-5.32E-03,-8.98E-03
SE_1860,-0.01910294,-9.11E-03,-2.80E-02
SE_1861,-4.63E-02,-3.81E-03,-4.99E-02
SE_1862,-7.56E-03,-1.25E-03,-8.80E-03
SE_1863,-0.055077246,-6.25E-03,-6.10E-02
SE_1864,-0.058927753,-1.22E-02,-7.04E-02
SE_1880,-4.15E-02,4.30E-03,-3.74E-02
SE_1881,-3.02E-02,2.21E-03,-2.80E-02
SE_1882,-3.55E-02,-1.01E-02,-4.53E-02
SE_1883,-3.16E-03,4.93E-03,1.75E-03
SE_1884,-3.55E-02,-6.90E-03,-4.22E-02
SE_1885,-0.060375925,-6.57E-03,-6.65E-02
SE_1904,-6.54E-02,-1.07E-02,-7.54E-02
SE_1907,-6.68E-02,7.89E-04,-6.60E-02
SE_1917,-7.32E-02,-0.016183649,-8.82E-02
SE_1960,-6.82E-02,-7.93E-03,-7.56E-02
SE_1961,-6.77E-02,2.79E-03,-6.51E-02
SE_1962,-0.103196742,-1.42E-02,-0.115921292
SE_1980,-7.86E-02,2.84E-03,-7.60E-02
SE_1981,-9.84E-02,-8.39E-03,-0.105930709
SE_1982,-7.37E-02,-4.09E-03,-7.75E-02
SE_1983,-0.056519717,-1.02E-02,-6.62E-02
SE_1984,-3.62E-02,-3.48E-03,-3.95E-02
SE_2021,-4.72E-02,-2.27E-03,-4.94E-02
SE_2023,-5.24E-03,-7.28E-03,-1.25E-02
SE_2026,-0.113658205,-3.90E-03,-0.117117428
SE_2029,-0.116976813,-6.29E-03,-0.122531858
SE_2031,-0.084358142,-4.62E-03,-8.86E-02
SE_2034,-1.92E-02,-2.50E-03,-2.16E-02
SE_2039,4.46E-02,-4.45E-03,3.99E-02
SE_2061,-0.120360801,-7.36E-03,-0.12683781
SE_2062,-0.052548579,-1.58E-03,-5.40E-02
SE_2080,-0.177078753,-1.55E-03,-0.178353593
SE_2081,-0.146621246,1.41E-03,-0.145421238
SE_2082,-0.197168672,-5.26E-03,-0.201388617
SE_2083,-0.175033391,-5.38E-03,-0.179474069
SE_2084,-0.126763534,-2.92E-03,-0.129317315
SE_2085,-6.52E-02,-7.91E-04,-6.60E-02
SE_2101,-0.183466471,-5.92E-03,-0.188301441
SE_2104,-0.131043221,-4.14E-03,-0.134640886
SE_2121,-5.97E-02,-6.64E-03,-6.59E-02
SE_2132,-0.175225248,-3.06E-03,-0.177748319
SE_2161,-4.87E-02,-2.73E-03,-0.051322223
SE_2180,-0.177701215,1.27E-03,-0.176657322
SE_2181,-0.140202212,-2.06E-03,-0.141971426
SE_2182,-0.200304018,-4.73E-03,-0.20408959
SE_2183,-0.170395149,-3.80E-03,-0.173548049
SE_2184,-0.186656337,-1.70E-03,-0.188037759
SE_2260,-5.26E-02,-8.77E-04,-5.35E-02
SE_2262,-0.100593506,-4.26E-03,-0.104426155
SE_2280,-7.24E-02,-2.04E-03,-7.43E-02
SE_2281,-0.117694213,-1.90E-03,-0.119370815
SE_2282,-5.54E-02,-8.55E-04,-5.63E-02
SE_2283,-0.171243666,-6.05E-04,-0.171745097
SE_2284,-0.207620202,-1.11E-03,-0.208496841
SE_2303,-0.117132537,-1.34E-03,-0.118314736
SE_2305,-5.36E-02,-1.12E-03,-5.46E-02
SE_2309,-8.80E-03,-6.08E-04,-9.41E-03
SE_2313,-9.48E-02,-3.20E-04,-9.51E-02
SE_2321,2.35E-02,-1.11E-03,2.24E-02
SE_2326,5.52E-02,-2.53E-03,5.25E-02
SE_2361,1.53E-02,-2.50E-03,1.28E-02
SE_2380,-1.18E-02,-2.54E-04,-1.20E-02
SE_2401,-0.279844685,-6.13E-03,-0.284256864
SE_2403,-0.3988544,-4.11E-03,-0.401323574
SE_2404,-0.394069078,-2.87E-03,-0.395809498
SE_2409,-0.251932433,-7.61E-03,-0.257624004
SE_2417,-0.186177144,-1.92E-03,-0.187740419
SE_2418,-6.10E-02,3.02E-04,-6.08E-02
SE_2421,-1.00E-02,-9.11E-04,-1.09E-02
SE_2422,4.89E-02,-1.86E-04,4.87E-02
SE_2425,-0.12745846,-8.34E-04,-0.128186196
SE_2460,-0.314899704,-4.68E-03,-0.318104029
SE_2462,-0.131803561,-8.68E-04,-0.132556945
SE_2463,-0.272419425,-2.91E-04,-0.272631274
SE_2480,-0.219060147,-8.44E-04,-0.219719011
SE_2481,-0.253984946,-2.13E-04,-0.25414409
SE_2482,-0.234986914,-1.89E-03,-0.236432682
SE_2505,-4.29E-02,4.49E-04,-0.042430375
SE_2506,0.044274689,-6.11E-04,4.36E-02
SE_2510,8.46E-02,4.12E-05,8.47E-02
SE_2513,5.40E-02,-2.35E-03,5.15E-02
SE_2514,-0.116894371,-1.17E-03,-0.117927351
SE_2518,-2.34E-03,-1.75E-03,-4.08E-03
SE_2521,6.90E-02,-6.16E-04,6.83E-02
SE_2523,8.54E-02,3.64E-04,0.085748281
SE_2560,-2.42E-02,-3.75E-03,-2.79E-02
SE_2580,-0.25471758,-1.31E-03,-0.255691724
SE_2581,-0.072052762,-5.09E-03,-7.68E-02
SE_2582,3.36E-02,-2.56E-03,3.09E-02
SE_2583,-0.879122364,-6.03E-03,-0.879851728
SE_2584,9.87E-02,4.63E-04,0.099236932
SK_01,-8.13E-02,-1.09E-03,-8.23E-02
SK_02,-0.116083251,-1.00E-03,-0.116970554
SK_03,-9.58E-02,-8.40E-04,-9.65E-02
SK_04,-0.132561142,3.18E-04,-0.132284967
SK_05,-8.39E-02,-1.20E-03,-8.50E-02
SK_06,-5.38E-02,-9.34E-04,-5.47E-02
SK_07,-7.18E-02,-9.06E-04,-7.26E-02
SK_08,-8.19E-02,-1.18E-03,-8.29E-02
SK_09,-6.42E-02,-8.96E-04,-6.51E-02
SK_81,-2.01E-02,4.48E-05,-2.00E-02
SK_82,-2.80E-02,-7.57E-04,-2.87E-02
SK_83,-0.102169239,-6.41E-04,-0.102745155
SK_84,-0.109433487,-7.94E-04,-0.11014079
SK_85,-6.46E-02,-5.44E-04,-6.51E-02
SK_90,-8.58E-02,-1.22E-03,-8.70E-02
SK_91,-0.126933068,-1.15E-03,-0.127932784
SK_92,-7.38E-02,-1.21E-03,-7.49E-02
SK_93,-5.39E-02,-1.18E-03,-5.50E-02
SK_94,-0.10103827,-1.41E-03,-0.10230544
SK_95,-0.055862553,-1.27E-03,-5.71E-02
SK_96,-4.44E-02,-1.04E-04,-4.45E-02
SK_97,-0.150663698,-4.20E-04,-0.15102073
SK_98,-5.05E-02,-5.48E-04,-5.10E-02
SK_99,-3.79E-02,-8.24E-04,-3.87E-02
GB_AB,1.10E-02,-0.142174707,-0.132775795
GB_AL,7.03E-03,-0.118659498,-0.112465766
GB_B,-5.64E-03,-0.101522149,-0.10658846
GB_BA,0.070473668,-0.153299724,-9.36E-02
GB_BB,-5.80E-02,-0.431121113,-0.464143577
GB_BD,-9.84E-02,-0.335436606,-0.400817354
GB_BH,7.23E-02,-0.133302353,-7.06E-02
GB_BL,-3.54E-02,-0.290962508,-0.316048787
GB_BN,8.18E-02,-0.13341094,-6.25E-02
GB_BR,-6.55E-04,-0.138184656,-0.13874946
GB_BS,6.11E-02,-0.18997878,-0.140496128
GB_BT,-1.61E-02,-0.138955337,-0.152832417
GB_CA,-7.19E-02,-0.11241607,-0.176204881
GB_CB,-0.111819607,-0.11019546,-0.209693054
GB_CF,8.84E-02,-0.335566994,-0.276802887
GB_CH,-5.42E-02,-0.436800307,-0.467353236
GB_CM,1.24E-02,-0.293125875,-0.284373218
GB_CO,-2.30E-03,-0.351495946,-0.352985252
GB_CR,1.57E-02,-0.140977386,-0.127516022
GB_CT,1.99E-02,-0.343995421,-0.330941251
GB_CV,1.14E-04,-0.113832662,-0.113731735
GB_CW,-4.91E-02,-0.293364319,-0.328065312
GB_DA,-2.08E-02,-0.15341406,-0.171060956
GB_DD,2.30E-02,-0.137737735,-0.117888861
GB_DE,-8.40E-02,-0.117746708,-0.19189882
GB_DG,2.08E-02,-0.13279565,-0.114780534
GB_DH,-0.056126129,-0.12169498,-0.170990842
GB_DL,-0.105477645,-0.121463279,-0.214129263
GB_DN,-3.92E-02,-0.329638611,-0.355901022
GB_DT,4.26E-02,-0.276377825,-0.245561698
GB_DY,-1.85E-02,-0.1189203,-0.135222238
GB_E,-2.58E-02,-0.131100909,-0.153525109
GB_EC,5.71E-02,-0.171849226,-0.124583345
GB_EH,-0.021585386,-0.117527855,-0.136576357
GB_EN,-3.34E-02,-0.125831986,-0.155040425
GB_EX,5.76E-02,-0.496157544,-0.467127341
GB_FK,-1.58E-02,-0.110054341,-0.124122976
GB_FY,-4.02E-02,-0.563489069,-0.58103923
GB_G,4.14E-02,-0.116773674,-8.02E-02
GB_GL,4.02E-02,-0.106137219,-7.02E-02
GB_GU,2.48E-02,-0.118017362,-9.61E-02
GB_GY,-5.64E-02,-0.158470739,-0.205892811
GB_HA,2.03E-02,-0.141467371,-0.124051266
GB_HD,-8.34E-02,-0.297518901,-0.356092535
GB_HG,-0.107314036,-0.336702549,-0.407883675
GB_HP,8.90E-03,-0.117425595,-0.109574744
GB_HR,1.07E-02,-0.238414941,-0.230284461
GB_HS,-2.47E-02,-0.179060232,-0.199359126
GB_HU,-1.71E-02,-1.77E-03,-0.018820712
GB_HX,-8.17E-02,-0.295520107,-0.353077652
GB_IG,-0.032561344,-0.135218578,-0.163377024
GB_IM,-4.02E-02,-0.209939093,-0.241703359
GB_IP,-6.72E-02,-0.319264192,-0.364987476
GB_IV,-5.04E-02,-0.142559569,-0.185752723
GB_JE,-6.06E-02,-1.34E-02,-7.32E-02
GB_KA,-4.30E-02,-0.117743258,-0.155715198
GB_KT,3.21E-02,-0.135532641,-0.107763159
GB_KW,-3.22E-02,-0.172841997,-0.199463084
GB_KY,1.34E-02,-0.127346879,-0.115656484
GB_L,-2.08E-02,-0.476185608,-0.487071861
GB_LA,-9.34E-02,-0.130087586,-0.211346716
GB_LD,0.030469339,-0.352578569,-0.332852065
GB_LE,-2.36E-02,-0.116432704,-0.13728995
GB_LL,-6.00E-02,-0.53232256,-0.560365167
GB_LN,-5.52E-02,-0.215894436,-0.259188312
GB_LS,-0.108896862,-0.291655499,-0.368791992
GB_LU,-3.26E-03,-0.120149915,-0.123020358
GB_M,-3.51E-02,-0.27996848,-0.305227546
GB_ME,7.30E-02,-0.26440893,-0.210719664
GB_MK,-0.03772733,-0.113827643,-0.14726056
GB_ML,4.76E-02,-0.110904584,-6.86E-02
GB_N,-3.24E-02,-0.131743113,-0.159844867
GB_NE,1.26E-02,-0.124462699,-0.113406288
GB_NG,-0.11741737,-0.110650033,-0.215075167
GB_NN,-2.07E-02,-0.116361891,-0.134651346
GB_NP,9.62E-02,-0.286886301,-0.21829817
GB_NR,1.64E-02,-3.44E-02,-1.86E-02
GB_NW,8.80E-03,-0.15279137,-0.145334795
GB_OL,-4.65E-02,-0.295037993,-0.32784851
GB_OX,2.44E-02,-0.105845266,-8.40E-02
GB_PA,-1.23E-02,-0.137092311,-0.14771699
GB_PE,-1.19E-02,-0.254430702,-0.263333383
GB_PH,-1.38E-02,-0.120461766,-0.132633241
GB_PL,0.138965637,-0.561866203,-0.500980661
GB_PO,7.33E-03,-0.126240096,-0.119832771
GB_PR,-5.22E-03,-0.562599762,-0.564882607
GB_RG,3.71E-02,-0.114242074,-8.14E-02
GB_RH,1.65E-03,-0.113692728,-0.11223215
GB_RM,-2.22E-02,-0.141103671,-0.160166984
GB_S,-0.119190079,-0.271238383,-0.358099538
GB_SA,0.10366328,-0.562162203,-0.5167745
GB_SE,-0.038921124,-0.123249168,-0.157373295
GB_SG,-6.95E-02,-0.110203755,-0.17203956
GB_SK,-4.54E-02,-0.296198679,-0.328176387
GB_SL,0.016833927,-0.124489268,-0.109750985
GB_SM,3.59E-02,-0.144041407,-0.113320885
GB_SN,6.53E-02,-0.107203611,-4.89E-02
GB_SO,1.53E-02,-0.109169069,-9.55E-02
GB_SP,7.73E-02,-9.99E-02,-3.03E-02
GB_SR,-1.64E-02,-0.141970545,-0.156070546
GB_SS,3.98E-02,-0.281833087,-0.253285658
GB_ST,-5.63E-02,-0.184884007,-0.230802132
GB_SW,-3.81E-03,-0.143615265,-0.146882145
GB_SY,-3.99E-02,-0.362065342,-0.387544595
GB_TA,7.94E-02,-0.303191439,-0.247867045
GB_TD,-1.46E-02,-0.128809115,-0.141535228
GB_TF,-2.79E-02,-0.190420622,-0.212977735
GB_TN,-1.25E-02,-0.153777276,-0.164394291
GB_TQ,0.103769285,-0.562366049,-0.516953087
GB_TR,5.12E-02,-0.566897962,-0.544718963
GB_TS,-7.71E-02,-0.130412402,-0.197487167
GB_TW,1.34E-02,-9.94E-02,-8.74E-02
GB_UB,2.90E-02,-0.129008794,-0.103708285
GB_W,1.61E-02,-0.164965561,-0.151549012
GB_WA,-3.18E-02,-0.297178211,-0.319512111
GB_WC,0.026105851,-0.146859776,-0.124587824
GB_WD,2.04E-02,-0.125365223,-0.10753449
GB_WF,-8.97E-02,-0.292813553,-0.356222764
GB_WN,1.80E-02,-0.368871924,-0.357526223
GB_WR,1.33E-02,-0.110667179,-9.89E-02
GB_WS,1.35E-02,-0.12022129,-0.108329312
GB_WV,-1.22E-02,-0.113481464,-0.124281608
GB_YO,-0.127410837,0.344711786,0.173380933
GB_ZE,-1.64E-02,-0.180717759,-0.194142268
